year,min,mean,max,scenario
1850,9.3220215,16.468811,25.696533,historical
1851,9.039581,16.666687,24.27884,historical
1852,9.0234375,16.763275,26.29599,historical
1853,9.134552,16.329376,23.567566,historical
1854,7.422943,16.38861,24.997742,historical
1855,8.664764,16.471191,25.615845,historical
1856,8.679718,16.52301,25.452057,historical
1857,9.640991,16.176453,24.286377,historical
1858,10.752014,16.538757,23.859985,historical
1859,8.50293,16.227509,25.71988,historical
1860,5.433716,15.856079,26.559357,historical
1861,7.0393066,15.736084,25.611023,historical
1862,8.302032,16.225586,24.6055,historical
1863,7.713867,16.272095,26.600128,historical
1864,8.76535,16.093933,24.291412,historical
1865,7.548462,15.731079,25.093048,historical
1866,9.04068,16.515015,24.010803,historical
1867,6.855591,15.167053,23.908234,historical
1868,7.8447876,16.124786,23.188385,historical
1869,7.9647827,16.518066,26.487305,historical
1870,8.587616,17.273804,27.044678,historical
1871,7.790497,16.525574,26.32138,historical
1872,7.764221,15.534454,24.1138,historical
1873,8.661133,16.67273,26.792358,historical
1874,8.316956,16.37732,25.689209,historical
1875,9.574219,16.126587,25.756622,historical
1876,8.713776,16.495728,25.694977,historical
1877,10.004272,15.9088745,25.016113,historical
1878,9.292572,16.784576,25.658844,historical
1879,6.94751,16.442749,25.808044,historical
1880,5.9487305,15.3480835,25.913208,historical
1881,6.21402,15.863434,26.661652,historical
1882,10.088379,16.60669,26.696167,historical
1883,9.090851,15.959534,24.56427,historical
1884,6.990631,15.628937,24.239227,historical
1885,9.545319,16.405334,24.279602,historical
1886,8.378082,15.279144,25.67163,historical
1887,7.9694824,15.654572,22.464233,historical
1888,7.681305,16.555908,26.036407,historical
1889,6.9542847,15.280273,23.845032,historical
1890,7.0999756,15.622192,25.117401,historical
1891,8.178619,15.526611,23.609528,historical
1892,8.582794,16.566895,25.390991,historical
1893,6.5977783,16.477234,25.32129,historical
1894,8.435822,15.972961,26.209534,historical
1895,8.780701,15.524231,26.174133,historical
1896,9.705566,15.611877,23.517761,historical
1897,8.981506,16.448608,25.568817,historical
1898,6.78479,15.911255,24.382019,historical
1899,4.620178,15.082764,23.601105,historical
1900,7.42749,15.890259,24.751678,historical
1901,7.722595,15.514069,24.810669,historical
1902,11.583099,17.260406,25.702301,historical
1903,6.822937,14.511536,24.230011,historical
1904,7.6286926,17.209595,25.398895,historical
1905,5.4400635,16.217072,25.954132,historical
1906,8.970001,16.031555,23.296906,historical
1907,8.591827,16.06131,25.191895,historical
1908,7.195465,16.149902,26.07248,historical
1909,9.273621,16.446777,24.700928,historical
1910,8.44754,16.477325,25.989227,historical
1911,8.257294,16.235352,24.775757,historical
1912,7.6378784,16.251465,25.26233,historical
1913,5.5782776,14.983459,24.161743,historical
1914,8.736694,15.63385,24.265167,historical
1915,9.459991,15.042877,20.92038,historical
1916,8.830261,15.453064,24.649902,historical
1917,8.662628,16.603394,25.304626,historical
1918,8.28125,15.97641,26.100555,historical
1919,8.9348755,15.653198,23.831573,historical
1920,8.642029,16.424957,26.113525,historical
1921,8.99469,15.7560425,24.564667,historical
1922,5.3391724,16.011475,26.73996,historical
1923,9.354736,15.526733,23.60315,historical
1924,9.205872,17.18637,28.167603,historical
1925,8.649384,15.970093,23.678131,historical
1926,10.12738,17.159943,24.644562,historical
1927,9.481964,15.888672,22.857178,historical
1928,6.6737366,15.279144,23.408478,historical
1929,9.905853,15.722412,23.78946,historical
1930,8.492615,16.709412,25.040314,historical
1931,6.945862,16.549225,24.748688,historical
1932,9.231964,17.112366,25.493927,historical
1933,10.283264,16.214386,25.344421,historical
1934,8.999359,16.313782,25.912842,historical
1935,10.29129,17.608582,25.087097,historical
1936,8.665955,14.876343,22.845734,historical
1937,7.919098,17.250397,25.062103,historical
1938,8.830811,16.592346,26.327423,historical
1939,8.285156,15.9965515,24.319794,historical
1940,8.096252,15.667114,22.978455,historical
1941,9.404022,15.627686,23.39383,historical
1942,8.963013,15.974731,23.940674,historical
1943,7.8398438,16.014465,26.220306,historical
1944,4.7158813,15.705841,25.53949,historical
1945,8.21521,15.587982,24.630402,historical
1946,7.0520935,16.137146,25.848724,historical
1947,8.597351,16.72998,26.627625,historical
1948,10.119934,17.178741,24.394745,historical
1949,7.8135986,15.396362,22.963531,historical
1950,9.055786,16.731812,24.611328,historical
1951,9.589844,16.58722,24.80426,historical
1952,8.092468,16.700989,24.84845,historical
1953,9.435547,16.699982,24.63617,historical
1954,8.49646,16.26007,23.521942,historical
1955,9.020996,16.268372,22.306183,historical
1956,9.570404,16.438171,24.357544,historical
1957,8.561523,15.465515,24.34439,historical
1958,9.414978,16.604248,25.288239,historical
1959,7.7631226,15.809814,25.200287,historical
1960,10.195953,15.979065,24.264465,historical
1961,7.6414795,15.916138,24.097961,historical
1962,8.181,16.442688,25.860779,historical
1963,6.3251343,15.341705,23.902222,historical
1964,9.3428955,15.706909,22.55664,historical
1965,8.776489,15.585175,23.986542,historical
1966,7.904785,16.113281,24.268463,historical
1967,8.670715,15.273499,23.540436,historical
1968,8.249603,15.988525,24.57846,historical
1969,6.116791,15.856171,26.46518,historical
1970,6.585327,15.2716675,22.281586,historical
1971,8.956482,15.740784,23.562988,historical
1972,8.421326,16.156738,25.291779,historical
1973,9.46521,16.420563,26.559021,historical
1974,9.4531555,15.886353,24.058105,historical
1975,8.778839,16.114807,23.658997,historical
1976,9.634644,15.524231,23.031342,historical
1977,7.2411804,16.065979,25.061127,historical
1978,9.119354,16.693024,25.92154,historical
1979,9.227417,16.29248,23.04773,historical
1980,9.116577,16.0401,24.19751,historical
1981,8.693481,17.133545,26.236206,historical
1982,8.028961,15.816101,24.520905,historical
1983,9.089508,15.88208,23.35614,historical
1984,7.370056,16.487854,25.670685,historical
1985,7.781769,16.809753,25.746643,historical
1986,8.634094,17.091217,24.665375,historical
1987,8.862305,16.433289,26.3143,historical
1988,8.176788,15.642517,23.849365,historical
1989,8.093445,16.450928,25.12082,historical
1990,9.106293,16.496918,23.206268,historical
1991,9.118286,15.8533325,24.519043,historical
1992,8.628693,14.774109,23.865631,historical
1993,8.847595,14.935486,23.884857,historical
1994,8.355804,16.560669,25.470398,historical
1995,9.084198,15.57663,24.083344,historical
1996,9.536346,16.79068,24.548035,historical
1997,10.566467,17.437347,25.274506,historical
1998,7.8022156,15.908203,25.667358,historical
1999,7.8043213,16.430267,26.835052,historical
2000,8.6188965,16.509033,24.417542,historical
2001,10.014862,17.086487,25.93457,historical
2002,7.4773865,16.534668,25.71225,historical
2003,9.55481,17.645508,27.078094,historical
2004,10.469147,17.064514,25.254425,historical
2005,9.138275,16.785278,25.811127,historical
2006,9.792847,17.031952,25.58368,historical
2007,9.789673,16.633179,24.85968,historical
2008,8.458221,17.29181,25.62741,historical
2009,9.092468,17.513306,25.929016,historical
2010,9.536652,16.561768,24.432434,historical
2011,9.871918,16.582703,25.438019,historical
2012,7.262726,16.366669,28.300873,historical
2013,8.15625,17.081757,26.590973,historical
2014,10.519989,17.421814,26.83081,historical
2015,9.090088,16.287903,26.124542,SSP2-4.5
2016,8.17627,16.982239,25.96103,SSP2-4.5
2017,10.755615,18.144104,26.307922,SSP2-4.5
2018,8.783234,17.704437,26.8396,SSP2-4.5
2019,8.6996765,17.702484,27.251099,SSP2-4.5
2020,8.440674,17.670074,26.533234,SSP2-4.5
2021,10.2561035,18.235718,27.169525,SSP2-4.5
2022,10.2344055,17.350098,24.2742,SSP2-4.5
2023,10.289154,17.88684,27.177216,SSP2-4.5
2024,8.426605,16.961243,27.618439,SSP2-4.5
2025,10.831024,18.834717,29.076416,SSP2-4.5
2026,8.853546,17.614044,27.14679,SSP2-4.5
2027,10.342468,18.150513,25.899841,SSP2-4.5
2028,9.464325,17.442108,26.42273,SSP2-4.5
2029,10.716003,18.006226,27.453278,SSP2-4.5
2030,10.759186,18.079773,26.317688,SSP2-4.5
2031,8.427277,17.049133,24.634796,SSP2-4.5
2032,10.098206,18.338226,28.410614,SSP2-4.5
2033,8.235962,16.840118,28.098358,SSP2-4.5
2034,9.376556,17.60315,25.620453,SSP2-4.5
2035,11.173706,18.133484,26.890137,SSP2-4.5
2036,9.165283,18.04895,29.079407,SSP2-4.5
2037,8.73999,18.019012,26.449982,SSP2-4.5
2038,9.891663,17.643677,26.24759,SSP2-4.5
2039,10.796143,18.471283,28.177887,SSP2-4.5
2040,10.36319,17.850067,29.36499,SSP2-4.5
2041,10.085083,18.376343,27.062653,SSP2-4.5
2042,12.578522,18.986755,26.243164,SSP2-4.5
2043,11.076202,18.097198,28.161316,SSP2-4.5
2044,11.492432,18.833649,28.130676,SSP2-4.5
2045,10.4869995,19.779175,29.493286,SSP2-4.5
2046,9.456848,17.493164,26.243713,SSP2-4.5
2047,8.8949585,17.42157,26.668732,SSP2-4.5
2048,11.8573,18.79834,28.0961,SSP2-4.5
2049,12.346832,17.576721,25.657288,SSP2-4.5
2050,12.106812,18.720215,25.848328,SSP2-4.5
2051,11.064484,19.342163,27.529785,SSP2-4.5
2052,11.700806,17.866669,26.168793,SSP2-4.5
2053,7.5650635,18.722717,26.940582,SSP2-4.5
2054,12.925446,19.102722,26.197876,SSP2-4.5
2055,11.1026,18.111023,26.158936,SSP2-4.5
2056,10.254242,18.969757,27.824554,SSP2-4.5
2057,9.38916,17.648865,26.01529,SSP2-4.5
2058,11.566162,19.257019,28.683563,SSP2-4.5
2059,9.269196,19.675293,28.94217,SSP2-4.5
2060,9.642242,18.161072,26.45282,SSP2-4.5
2061,10.741211,17.923248,27.461212,SSP2-4.5
2062,11.766388,18.62857,28.463348,SSP2-4.5
2063,11.882446,19.046722,28.982483,SSP2-4.5
2064,11.54953,18.039917,25.944214,SSP2-4.5
2065,11.204224,18.89569,28.37973,SSP2-4.5
2066,11.299103,19.288147,31.37207,SSP2-4.5
2067,10.565155,18.687561,28.457733,SSP2-4.5
2068,10.736938,18.407074,26.350128,SSP2-4.5
2069,9.749878,18.898102,28.11499,SSP2-4.5
2070,10.804077,19.086884,29.455933,SSP2-4.5
2071,9.992126,18.678131,26.769836,SSP2-4.5
2072,11.208405,18.389282,27.29309,SSP2-4.5
2073,10.362396,18.288086,28.215881,SSP2-4.5
2074,12.326294,18.668976,28.214508,SSP2-4.5
2075,10.675537,18.46112,25.623962,SSP2-4.5
2076,13.496826,19.364716,28.357147,SSP2-4.5
2077,11.338348,18.535187,27.877563,SSP2-4.5
2078,10.379425,18.29712,27.718964,SSP2-4.5
2079,9.210419,18.335205,27.026398,SSP2-4.5
2080,10.447723,19.026367,27.056396,SSP2-4.5
2081,11.557617,19.954834,28.876068,SSP2-4.5
2082,11.596985,19.042694,27.062134,SSP2-4.5
2083,11.924957,19.516815,29.141571,SSP2-4.5
2084,10.522125,18.62262,26.517426,SSP2-4.5
2085,10.004242,18.60965,27.41632,SSP2-4.5
2086,11.133789,19.665771,31.278229,SSP2-4.5
2087,9.96283,19.151184,27.629456,SSP2-4.5
2088,10.150024,18.703674,27.778168,SSP2-4.5
2089,11.488831,19.139862,27.98053,SSP2-4.5
2090,11.829102,18.762726,26.243225,SSP2-4.5
2091,12.183929,19.661346,29.560455,SSP2-4.5
2092,11.729065,19.102722,29.270477,SSP2-4.5
2093,11.415436,20.002533,30.078339,SSP2-4.5
2094,11.668793,19.367249,28.517944,SSP2-4.5
2095,11.745239,19.115082,28.029205,SSP2-4.5
2096,10.271606,19.17395,28.161346,SSP2-4.5
2097,13.36554,20.527252,30.887695,SSP2-4.5
2098,12.549042,20.200653,28.93869,SSP2-4.5
2099,12.692017,20.636658,29.430908,SSP2-4.5
2100,11.505493,19.707825,28.653625,SSP2-4.5
2015,8.646515,17.196442,27.5997,SSP5-8.5
2016,8.628296,16.645264,25.182678,SSP5-8.5
2017,7.513977,17.38446,27.426575,SSP5-8.5
2018,9.003876,17.451233,27.465118,SSP5-8.5
2019,10.1987,16.979736,26.697601,SSP5-8.5
2020,10.547363,18.34082,27.751068,SSP5-8.5
2021,9.192291,17.293274,27.158112,SSP5-8.5
2022,8.356628,17.232666,26.58377,SSP5-8.5
2023,10.094086,17.869537,27.543762,SSP5-8.5
2024,8.685028,18.179626,27.04184,SSP5-8.5
2025,11.821075,18.67926,27.07309,SSP5-8.5
2026,9.484558,18.265137,27.228394,SSP5-8.5
2027,11.285431,17.910767,28.200195,SSP5-8.5
2028,10.097992,18.961609,28.288483,SSP5-8.5
2029,10.057678,17.857239,28.082642,SSP5-8.5
2030,11.130981,18.571442,28.306274,SSP5-8.5
2031,9.924316,18.198975,27.45465,SSP5-8.5
2032,10.296631,18.375305,27.562256,SSP5-8.5
2033,9.515228,17.458069,25.32486,SSP5-8.5
2034,10.831055,18.389038,27.40384,SSP5-8.5
2035,6.8529053,17.206543,26.879211,SSP5-8.5
2036,6.725891,17.704956,27.354675,SSP5-8.5
2037,9.97522,18.053955,28.965424,SSP5-8.5
2038,8.616241,17.562744,26.55307,SSP5-8.5
2039,11.316956,18.617798,26.504242,SSP5-8.5
2040,11.97525,18.804932,27.022003,SSP5-8.5
2041,12.705505,18.9422,26.693726,SSP5-8.5
2042,10.109802,18.69757,28.275421,SSP5-8.5
2043,9.933533,18.472961,27.640808,SSP5-8.5
2044,9.022064,19.009064,27.869843,SSP5-8.5
2045,11.858063,18.965881,29.088928,SSP5-8.5
2046,8.1475525,18.44336,27.053314,SSP5-8.5
2047,9.713348,18.79419,28.547913,SSP5-8.5
2048,10.492157,18.663727,27.310028,SSP5-8.5
2049,9.371674,18.835938,27.613617,SSP5-8.5
2050,8.07074,19.373901,29.013,SSP5-8.5
2051,13.660095,19.793274,27.166138,SSP5-8.5
2052,12.366638,19.884888,27.516724,SSP5-8.5
2053,11.713989,18.9599,26.665985,SSP5-8.5
2054,10.283478,18.458405,27.671387,SSP5-8.5
2055,8.864899,18.718811,26.99533,SSP5-8.5
2056,10.81192,18.884888,29.027313,SSP5-8.5
2057,10.415131,18.79837,26.65918,SSP5-8.5
2058,11.986298,20.585327,30.074799,SSP5-8.5
2059,7.2853394,18.602661,28.41983,SSP5-8.5
2060,11.051392,18.998749,29.493073,SSP5-8.5
2061,12.88324,19.937164,27.34616,SSP5-8.5
2062,8.647095,19.099304,29.35965,SSP5-8.5
2063,10.50473,20.00592,27.619843,SSP5-8.5
2064,9.635712,19.620972,28.637207,SSP5-8.5
2065,11.062653,19.283142,26.928558,SSP5-8.5
2066,12.894989,20.056976,29.530365,SSP5-8.5
2067,13.553009,19.66681,28.322723,SSP5-8.5
2068,12.638641,19.513702,27.650177,SSP5-8.5
2069,12.199646,20.063416,29.469482,SSP5-8.5
2070,13.046234,19.626587,27.434265,SSP5-8.5
2071,12.523407,20.477203,29.042542,SSP5-8.5
2072,10.744873,20.285156,29.986145,SSP5-8.5
2073,12.063293,19.643372,27.845154,SSP5-8.5
2074,13.310242,20.23993,30.532562,SSP5-8.5
2075,13.618134,21.25769,31.351044,SSP5-8.5
2076,14.15567,21.078766,29.115387,SSP5-8.5
2077,11.771851,20.131958,30.304108,SSP5-8.5
2078,9.330505,20.243103,30.072937,SSP5-8.5
2079,8.421997,19.751343,29.79892,SSP5-8.5
2080,11.4591675,20.448853,29.712006,SSP5-8.5
2081,12.758636,20.366028,27.307343,SSP5-8.5
2082,11.40863,21.249237,29.805359,SSP5-8.5
2083,13.042358,21.020935,30.824738,SSP5-8.5
2084,14.319122,21.688293,29.282928,SSP5-8.5
2085,13.875183,20.951843,29.440826,SSP5-8.5
2086,13.549377,20.836609,30.272125,SSP5-8.5
2087,12.008911,19.947632,29.28656,SSP5-8.5
2088,13.4711,21.072266,29.663239,SSP5-8.5
2089,12.9122925,20.686584,29.406006,SSP5-8.5
2090,12.895935,20.755066,30.117615,SSP5-8.5
2091,11.8324585,21.364197,31.69638,SSP5-8.5
2092,15.761475,21.762512,28.94806,SSP5-8.5
2093,12.879852,21.240173,32.059296,SSP5-8.5
2094,15.605713,22.01062,29.668335,SSP5-8.5
2095,17.092926,23.249268,30.987427,SSP5-8.5
2096,12.236816,21.078186,30.840942,SSP5-8.5
2097,13.40979,21.595825,30.521667,SSP5-8.5
2098,13.450806,21.510132,30.29898,SSP5-8.5
2099,13.220032,21.836365,29.412872,SSP5-8.5
2100,13.507751,21.528992,29.979462,SSP5-8.5
